Temperature_C,pH,Turbidity_NTU,Rainfall_mm,Water_Safe
22.49080237694725,6.785117051207718,336.6787941102401,37.02658576772393,0
34.01428612819832,6.740936397215999,398.54401719849477,108.38018947567163,0
29.6398788362281,8.71876374156311,125.98348149745699,174.58916717528166,0
26.973169683940732,6.748638599548518,312.8121757038925,146.44497728191223,0
18.12037280884873,6.815849178385893,286.3012455887306,161.31222957228994,0
18.119890406724053,8.278194787253891,416.5823580173473,131.75667334214347,0
16.161672243363988,7.34921952735162,453.137443180149,138.4553129035705,0
32.3235229154987,8.330131670865544,7.066228967216017,169.83913031306386,1
27.022300234864176,6.196098472693156,337.33593961033756,49.93360177183719,0
29.16145155592091,7.462713581020153,26.86606376074478,97.88499272862809,1
15.411689885916049,6.100840800549848,274.8804738736006,44.241888363920445,0
34.39819704323989,6.187959610366064,144.5287317927954,197.5336015993294,0
31.648852816008436,8.719312360033232,154.08152316154846,188.81186793732266,0
19.246782213565524,6.4177361133527855,177.12629322272593,7.88536227370118,0
18.636499344142013,7.5972620468256515,311.02493207575543,141.11503450313768,0
18.668090197068675,7.23328680780212,167.69093286871583,185.04966348313317,0
21.084844859190753,7.042029978776528,366.61682624454994,36.11506902546671,0
25.495128632644757,8.699500037061817,202.85916540136097,113.5890461105259,0
23.638900372842315,6.065470190326469,35.10824695466935,183.09765951760838,0
20.824582803960837,7.991369058526767,392.0961613995695,6.789195717159768,0
27.237057894447588,8.89018330264065,143.5934039717603,139.484053449368,0
17.789877213040835,7.680504550385526,216.95067292003205,59.469801474510156,0
20.842892970704362,8.810467386099276,343.0364977277289,184.8792390753061,0
22.327236865873836,6.1567736378580715,166.8956224172073,194.21164903307354,0
24.12139968434072,7.256379957222484,29.236242417211095,188.85329782268678,1
30.703519227860273,6.780473372886154,187.586602459394,94.84284333149276,0
18.993475643167194,8.192462894942189,472.2798427644574,172.4085301978627,0
25.284688768272233,8.94389127149174,321.22546425198055,168.90987970701408,0
26.848291377240848,6.769590187332743,336.0680951849363,63.82009464865113,0
15.929008254399955,7.962523804422224,316.5087946651823,165.78309483013547,0
27.150897038028766,6.59429289827922,100.29707734075896,7.401526943098524,0
18.41048247374583,7.69599076371483,209.74859818703777,119.2539756964106,0
16.30103185970559,7.391797460065009,375.7189593832958,46.00176745754061,0
33.977710745066666,8.91601598889461,51.58507587902641,24.113377155455762,0
34.31264066149119,7.8255818180893995,139.6485352687664,15.390640325841831,0
31.16794696232922,7.048519116260456,138.88323512446095,139.25775517562795,0
21.092275383467413,6.3422873546638,216.57744486965848,67.97499275361322,0
16.95344228012768,6.453740486204803,490.20400173015037,144.9533543057523,0
28.684660530243136,6.675950789853705,34.68377079522715,13.071268159788474,1
23.803049874792027,6.752899984020894,259.8317961959169,63.05806756612207,0
17.440764696895577,8.551848173523414,90.50297632409301,107.89825847506745,0
24.903538202225405,7.683668364847575,485.3675961594623,158.14463296779272,0
15.687770422304368,7.5701727341230995,57.53844885900464,63.750500586413985,0
33.186408041575646,6.344306615607652,202.39690017843404,125.17827528740182,0
20.17559963200034,8.580419080048305,369.2046074324685,177.1955496472374,0
28.25044568707964,8.168442909625451,352.5726595856952,123.17263763646092,0
21.23422152178822,6.2030050857000045,211.9415898100722,46.591894950726754,0
25.401360423556216,8.123505291689305,173.91555980840639,4.880156311307604,0
25.934205586865595,7.630614652027939,199.40857689788243,174.01977478018597,0
18.69708911051054,6.245176037240335,132.873855316161,4.253882170077428,0
34.39169255529117,7.37490192458597,103.4611364146931,174.94033453683988,0
30.50265646722229,7.454088861390141,242.0368090818861,105.7874268054424,0
33.78997883128378,6.497323620489827,134.99834427773607,187.81353970257925,0
32.89654700855297,8.837094441000847,144.4433707837278,159.7566471547331,0
26.957999576221702,8.549926114441986,328.721275673804,199.58682210666748,0
33.437484700462335,8.007067011987324,484.3001285182462,70.14236309034203,0
16.76985004103839,7.386886683001822,302.21496307912815,153.43765778622537,0
18.919657248382904,7.235296624753525,39.41275406541817,80.38618272184843,1
15.90454577821076,7.952920401452863,38.71622331317942,95.97512406078177,1
21.506606615265287,7.636295608220717,475.7601872019374,125.50109264367401,0
22.77354579378964,6.186819317645657,149.34810436335948,174.73542283726775,0
20.426980635477918,7.5375079463109955,46.94142605515524,196.81669383985903,1
31.57475018303859,8.41921085169852,299.92324898804037,153.65468277290364,0
22.135066533871786,7.377719632790875,312.2007403668428,83.55335643346675,0
20.618690193747614,6.155869732662805,324.6039052392254,84.27140045541404,0
25.853921663164968,8.3588345981521,134.43361190091312,147.5164603177783,0
17.818484499495252,6.604091346407923,8.540231423023041,47.755429153660465,1
31.043939615080795,6.775862504664117,482.54266935778145,22.094822626278933,0
16.491012873595416,6.494119060296888,126.19562979986014,70.92443152815531,0
34.73773873201034,6.990645194614492,338.3371177382212,57.44779833081635,0
30.444895385933147,8.270254517065904,353.6083050694761,59.261624091198016,0
18.974313630683447,7.558157578511812,305.39370112266334,46.721550209981984,0
15.110442342472048,6.614643822452138,157.14078971261046,8.418637927272377,0
31.309228569096682,8.633490234456122,136.27703062826882,3.574786946682762,0
29.137146876952343,8.638745564854588,299.2364730686489,197.5444779472063,0
29.580143360819747,8.61173527513802,433.18172117223406,85.55462674717246,0
30.425406933718914,6.716388634144618,473.4201307327744,76.86532943193633,0
16.480893034681806,7.3537180325429645,53.84699639747506,135.92945653861398,0
22.169314570885454,8.954968968422625,78.2594776862622,43.65077757301283,0
17.317381190502594,8.31603742892997,472.42339313275676,189.99223679004507,0
32.26206851751187,6.081502263676679,368.5310789390615,157.2690028831104,0
27.46596253655116,6.195613773781476,441.61391859005676,17.8822004624519,0
21.617960497052984,7.391794130436998,102.11368443353624,83.51615515698568,0
16.27116700572047,8.72766061758468,294.2053496835915,175.82366151243295,0
21.219646434313244,7.616105393858143,350.8686576143194,188.94640445828205,0
21.503666440534943,7.493437524102871,340.37583083803935,93.48030224997395,0
29.59212356676128,6.316421099869892,204.66769374248236,122.68227784214154,0
27.751149427104263,7.970340314172882,8.68205095396293,33.40678921841504,1
32.744254851526534,8.466309481800677,291.8801023453273,198.2337252273953,0
24.444298503238986,7.141260022522687,127.29766805062476,46.33434027668868,0
17.391884918766035,8.326835552775982,225.67686882530228,188.54635482702514,0
29.2648957444599,8.893429961702434,478.83292652682485,129.9293297984737,0
30.21570097233795,6.611299377383068,200.11862350357492,121.54735897577183,0
26.225543951389923,7.569988893584224,420.0610017255489,102.53770220330172,0
30.41934359909122,6.861413874253727,95.08176226887632,46.13396234355174,0
24.875911927287817,8.378563257101519,336.5577885144894,35.305606401101656,0
25.45465658763988,7.732780097643472,488.5264702650328,44.09724181403507,0
23.550820367170992,7.903747252650911,51.84465733559546,37.287652428850905,0
15.508382534881903,8.393742478847681,5.151651171368814,155.91689471335067,1
17.157828539866088,7.187911417987364,217.35781352367457,70.02505183334603,0
15.628583713734685,8.745270205221129,47.220116042632235,11.568535312679273,0
27.72820822527561,7.59908660173842,374.44379048843945,193.82052602816228,0
21.287119621526536,6.473864468506044,457.3597832604309,176.75717699268515,0
25.171413823294056,8.087697354506407,217.57646538167066,185.55045663904258,0
33.15132947852186,8.379784051314763,130.09710943556505,198.98156452928706,0
19.9858445829775,6.95028503120258,217.76725618429828,34.77904984389746,0
23.207658460712594,8.571537770996258,362.0004611071505,79.24840378053175,0
30.111022770860973,8.7184297642973,5.518026628605118,151.64769514081826,0
19.57596330983245,6.830713462133427,295.1375407528639,139.20412361075844,0
16.53959819657586,8.950564418145666,307.03255075880213,30.779181267971012,0
20.79502905827536,6.422134584146275,319.2064352010718,163.16662499812355,0
18.22442574508009,6.60604700520747,121.76901791045773,44.888114367332136,0
33.59395304685146,6.552674517714078,357.31230896568525,44.76352296452462,0
31.16240759128834,8.68196913002361,46.60435167955643,107.39488457868272,0
27.66807513020847,7.962877656974886,100.43589789693361,118.58798696834063,0
32.429211803754356,6.456312849666818,438.8575532805865,116.01724156756224,0
31.07344153798229,7.320970255105047,369.6228522125566,18.297367479550974,0
18.731401177720716,7.845894075209406,7.859031451661281,175.49217252607608,1
32.85117996979956,6.250392254968149,124.93975392453031,53.12000851774121,0
25.786844838313016,8.647249105222016,107.98883501358911,25.902984256560835,0
31.14880310328125,8.410810606324606,136.1323576904493,177.74961597379544,0
32.92182599846986,7.515620320729915,124.53232536966331,191.13029964595069,0
21.360069499437277,8.901379845777512,32.200621575680024,172.42552345309014,0
17.201038490553536,7.253282937825299,230.01131778181335,161.90321494497562,0
19.558703250838832,8.952330957109494,366.6340039182964,131.04839612780435,0
23.542155772525128,8.003759996410881,303.75913063400077,110.17147412182786,0
31.36029531844986,7.904013819761825,336.7629626304418,17.39735198228203,0
32.21461166512687,6.497864685887355,41.49344008958334,81.69064261413975,0
15.139042610623815,8.645783274913931,475.7938643782168,74.5377034024628,0
25.214946051551316,7.282469063761845,419.40742508766937,51.95075675206524,0
23.348220062975578,6.486700217347438,402.7400689293357,144.684022737717,0
19.442156209414605,6.037822559927277,411.668918715842,99.17514701575416,0
17.397307346673657,7.679267050915148,466.4225435582479,16.209243181529587,0
21.75230342807256,7.582198866368029,272.58272909073514,44.036640389962265,0
33.858194078250385,8.158060867107476,100.94072691594532,136.65175273191917,0
21.464058640415104,8.670774159053407,308.77502031841806,15.226171898060038,0
25.37581243486732,6.238219753929089,371.6978653403016,170.24138280975373,0
29.060379177903556,8.194489471021086,369.22077928365866,99.02930540279486,0
22.27259204758588,6.562235832292747,261.2030630592732,96.1173154653296,0
34.435641654419214,8.574531159471492,35.16090094745545,118.48155693190353,0
34.24894589884222,8.457190541584968,186.1853562766338,164.93619318502982,0
20.035645916507285,7.622381264956633,460.4625376232153,69.56184158043861,0
24.94497011784771,8.130728395869934,292.64000596895556,135.6032305118127,0
21.017566196335395,6.943050339551245,269.627639684601,113.1463927991582,0
20.696809887549353,7.413503696798443,135.15790367671457,53.40565403388426,0
15.737738947090655,8.464910693131415,184.85601103837288,175.7259972710316,0
27.191286679597937,7.377795591519641,447.77769848743145,159.48520432138562,0
25.05358046457723,7.073394795976325,333.56506071589104,131.6903669316851,0
16.029575024999787,7.4826373417509,393.9061263494141,170.11634581884837,0
20.57292928473223,8.484747757311656,227.71836611075992,173.45884019196046,0
33.165317719333075,7.005624142112618,315.4933625086228,141.67259534300695,0
19.79123781333945,6.521284779407232,124.94342076286055,167.4026656727344,0
17.897897441824462,8.136042060992342,353.0249543114596,139.49429233385672,0
24.78905520555126,8.477934638124246,214.3730655179653,136.02815435206008,0
34.71300908221201,6.3019124355706,221.83021189255805,123.72227564303687,0
19.84110543023001,6.719622338267834,325.01183996386396,150.54332791152825,0
28.442710948117572,6.425915969282982,468.2040301129944,31.72102105861474,0
30.23239230657435,7.0438242347465,32.93916695770184,176.17415183978568,1
19.752750879847994,7.351052936716238,412.5468754361568,174.3687055490464,0
29.56432697223719,8.246479010889919,146.89917209568438,5.849456606911829,0
22.355662654385064,7.953442754645023,222.51580779868254,165.16335011295254,0
27.64611661187159,7.862785702435294,11.93475105872947,25.773973494689038,1
27.670594215217896,7.057124839828964,151.2219928393222,67.02377085182837,0
25.71549368149517,8.52434265925428,251.8129900724351,148.70165125832156,0
16.805795401088165,7.413861502194494,29.03186259637207,32.15197920966164,1
31.70604991178476,8.937314814045465,246.0567689621994,163.59340482381245,0
21.415601299434716,7.902426414887211,463.6282038003552,166.42683559154838,0
18.730370207997083,6.378794224693508,53.591215835794806,101.49354675216725,0
15.815502831095278,8.028532686226303,382.4559233096767,1.277174343366716,0
26.817858863764837,6.975312046295097,205.42585563462032,57.407626634982556,0
28.55128723684565,8.058981590058291,327.9316835476447,123.38538367514845,0
15.331756578557123,6.208923444487217,130.85806239462946,196.2372356054847,0
25.24186116598562,6.5246443115278785,80.58663900813778,126.36270540333368,0
19.529915503958758,8.56721177671736,81.070844521342,51.96071621283196,0
27.903455808188998,6.681538671070545,36.17548087592918,126.80114061992226,1
18.487328580099827,8.51112337572882,93.63770574572027,107.9970759431711,0
28.81875476204932,6.837828265363231,332.44547310949514,155.96907903022873,0
22.734706926010748,7.9286457301761235,440.9636153099105,21.396127765391682,0
33.73459977473469,8.082451720529493,407.24871710998974,152.2055805004056,0
17.750418882919867,7.537964259435158,342.8820206273676,108.25331573522206,0
21.82132702100517,6.915932030090194,56.10549984214023,192.59840077179894,0
17.269470424811782,6.637933129113288,145.30453570167896,68.37443320773721,0
33.49387236557126,6.099568063687279,155.593630785912,126.52437862678963,0
32.54678706761962,6.911839203722171,125.72851625241299,186.4056211020035,0
20.15883255430311,7.959488371593849,257.98782419515186,20.50194559813585,0
28.19968092068358,8.814914455345448,268.2413536249566,187.44569744729023,0
31.344444004024318,8.613613446789156,179.086101610384,137.57714446016266,0
26.10401623198925,8.298194329605908,177.54079020948157,13.56741182103438,0
25.59301156712013,8.365342029759896,414.44924335513457,60.19271338936325,0
19.837045818009035,7.994954710427986,394.8571313115231,141.6344177290563,0
16.862055356117985,6.780860572698009,154.59012000869208,13.47012029375434,0
32.944315159066534,8.72158509211749,456.9804334927564,116.43409203525465,0
33.00836114326661,8.012196935717501,476.4546934842505,69.17661139059135,0
27.66202914546536,7.68132189294132,164.04452847299038,124.18310355349543,0
21.780595820974014,6.332968407640443,177.85804944773437,9.148406762502571,0
21.984191492253217,7.341166631419276,253.31144255755746,174.30736123047527,0
29.519113577404788,7.381074813605779,470.6192854543031,194.6977938354794,0
32.94220519905154,8.59369082856801,438.28339713801347,193.7755710571383,0
32.741728485302346,7.639944660563366,52.18141332921131,149.93036634858495,0
30.597510917152476,7.141201646911229,196.9726408924367,26.017248026126396,0
27.840632923085757,8.930400985531978,277.1322236851361,151.6526391858045,0
16.682799299900978,6.332161779978947,252.06310380321847,4.917383291760302,0
18.232574281892276,7.267645284935834,97.73767090050944,4.424710305799451,0
32.97108377054158,6.126074025514216,429.5495688129092,64.72204382990824,0
27.1285811931918,8.219712362300791,338.79345071542184,97.72863808093315,0
15.183941032332593,8.754229656597452,419.11627905105,154.08148356155863,0
17.02943085732064,6.8401119886514685,429.5233753953866,136.65907532130103,0
28.270035382161115,8.575025030397363,374.42957097920413,89.18054127534967,0
15.101231676924375,6.876654691385693,220.16609002360894,54.72533325633317,0
18.216161028349973,8.732310484931745,305.66283075269683,199.42490003154222,0
25.974675787331723,8.261885710790352,81.02233765375183,85.2362604471946,0
28.837903953853864,8.414720330524316,337.14906331997895,90.2774048659351,0
28.03922519005201,6.054019666801364,90.44737461390109,32.72476423833383,0
19.485386189211198,8.888431071222078,347.28084566456823,158.96190974998586,0
29.24358442695072,8.18001297621097,115.56948221623036,138.73644515629772,0
19.744981749936002,6.9142532861584,59.65809877495977,44.15392255775208,0
21.507993963185356,8.488183994576541,83.47696058133576,16.476209123168537,0
29.92982810236048,6.844563595244789,1.9940754743160638,136.0998604149426,1
27.992657980944294,8.618261518698384,359.6510693089116,130.90224285622705,0
31.98446820988356,6.337741171235811,366.46812348013117,54.65190539964186,0
28.15225784600687,8.111057932382387,257.95174160671644,190.17271245008206,0
26.36617206670943,7.622095429934731,81.52003772663646,30.21157835618005,0
16.87349535656185,6.289603410586323,42.69361441783418,86.46696020852038,0
22.35431606118867,6.725681484776517,10.545354252206218,188.72318403351977,1
20.30404735363451,6.037212108831945,83.70834030564514,83.94546338522446,0
19.87979286758167,7.406303896393517,445.53691195659025,127.70518953281712,0
34.46021109504891,6.903795782280001,121.52688400913921,79.51887959255886,0
22.861954493335208,7.795072452893276,177.78139228139062,54.84304046973401,0
32.84093110354227,6.891713423125852,53.56739675618526,196.79552959196565,0
27.622772519945258,6.899757334520954,111.95829106933697,81.8668012630086,0
30.896226070832967,8.22957959619481,260.0930608193224,178.8198407358269,0
25.052741862103844,6.144428507935061,304.26858886473065,45.990921178217235,0
26.53807769252718,8.708684985575962,123.43080476893932,42.62094080501666,0
24.850353876377277,8.556791623173545,29.808347453333486,6.226816576902272,0
18.90485975596089,8.00341404967922,196.12540169457193,130.333365075177,0
29.44904230523011,7.7796647103221535,117.86748209224073,73.70526874475223,0
20.615447248817116,8.676907494418957,110.55740769167117,172.8716499679274,0
15.486319328629076,6.555990538586143,479.97153855401416,94.64198133831144,0
27.909445918143355,6.236907486572486,308.5339424769363,193.63868558294433,0
18.542213588140978,6.718530509728614,278.88234314287587,37.10510314062423,0
33.80917168705828,8.38373483610057,208.47177665813763,173.72463359112217,0
34.07857154005175,6.10401080017945,215.04322238164198,155.31937055834834,0
33.29728780440897,7.748420505250468,270.9115969152023,154.1843689288104,0
22.403174005108887,8.98631254857393,348.5184737110175,168.95664562337754,0
15.309132330577349,8.567088281512618,351.3709019947329,152.20479818859977,0
33.566371251754504,7.564337067130769,86.67525994501933,125.24406432628308,0
23.563682966346285,6.1909227278599275,250.55626328623686,26.248975536477516,0
34.33309638087339,8.49412054315713,206.5670894220169,6.505235898250383,0
34.272399541785056,7.796935524531632,435.3929561684227,184.16956956313737,0
32.060189109347206,6.344798991178701,316.0780416879698,123.33006290414761,0
20.888977841391714,6.2815718544700685,266.7195291415749,159.30745819523526,0
22.701954572038506,8.728880458309778,58.58192644727977,96.30447030251001,0
32.02273343033714,8.007600788814235,303.21330677238234,23.461637792478896,0
21.338440103125553,8.487860397950266,59.484748934436475,25.037158440510087,0
18.38985493372185,8.636936700846801,169.2660812073103,137.11305744579428,0
26.136025249167005,7.715317056144967,72.2781404423516,86.06117897989253,0
33.723095483215616,7.552339055265124,346.3447498651601,40.104945340067346,0
28.92059593349946,7.29128223096297,103.91980480424014,98.31890934828738,0
26.4012234017873,6.950839763373358,196.53782722082497,12.841787415026818,0
16.943529875415372,7.3037878825761355,447.9417140317706,116.39428038287976,0
27.300144533983396,8.32163896719047,102.95387531608617,53.798680887019536,0
34.801077002085265,7.805770293045395,254.39472691543077,159.51182012743763,0
17.801680304730482,8.677569869864538,210.21655892184498,62.07239178471475,0
25.366593047274733,7.330140043137563,10.043896481819136,91.04402981636024,1
32.54746143855911,7.821268736156262,396.5862986728336,2.324107981620127,0
29.815372355084087,7.893922659275966,35.45390725098526,14.489377558911777,1
28.94031481990536,7.775091486918976,237.65325546749986,78.49871128133697,0
29.049681679742186,8.107901319256548,280.77846917453604,95.9877669434247,0
22.189823024395103,6.712300405124418,314.58480185067896,120.00410962386074,0
20.871836885289866,7.537091332637372,344.6271830246299,58.33251574186065,0
31.187223109570272,6.312674408425043,127.38291937783482,138.99637722530852,0
31.202267893583617,7.153533982934437,5.979409552566237,172.0244794378409,1
32.341446371602075,7.463001205863794,361.99838751510106,155.97019777866996,0
33.26481105112943,7.956672778636417,268.29264307444174,7.923765069671429,0
25.226847977218757,8.85159315775861,418.22273390041715,96.1013894515658,0
25.030325893743992,7.801953199645068,410.87279308744644,20.986035683634974,0
30.965903579335503,8.23078174852968,421.8197577261537,48.40900317250549,0
27.999278615555305,7.518798178485609,243.06223532979052,197.3325186534293,0
29.03933754515407,7.902312094128994,167.48056952259597,28.499108580302646,0
30.91585338872202,6.21279664840132,395.9875430930936,99.77763069027121,0
32.800106836351326,6.763174742525541,226.19576240159822,123.63114686362383,0
21.759903137030715,7.085559279615416,92.53765600531382,140.4929941088208,0
22.51165905279888,7.417480065019541,427.6320357611757,111.92973669738282,0
16.87963879681738,6.136946236507152,441.3973785094013,1.9541694838367318,0
26.56560281992348,6.420072292659953,233.6885683139449,65.29226164879837,0
15.718845475934842,6.8304429233739175,38.77416392758395,103.54232867694229,1
24.311960362649202,8.914598072703152,194.52521886854868,17.57329982896667,0
25.85289269415153,6.994041021309152,401.9652920718391,70.12538624183615,0
20.730825042565687,7.446123174336248,450.9852402445681,6.640621758273313,0
26.816665211380215,6.588293138215179,102.53289850630033,15.715699431004149,0
15.610004998780989,7.832340213227305,34.41983240061049,79.38465524031922,1
15.746963774984287,6.842049646547923,438.79787611328646,26.54315080861207,0
31.452011213193167,6.6209777353152806,195.31306455045876,113.50816965231164,0
22.20381282822526,7.549717885337937,271.3387211695141,137.89299382745315,0
17.541210253037697,6.0165173974812625,484.0648402133287,160.11733982181659,0
25.444865201096086,6.022992097947676,34.2157992291972,40.03004884896202,0
30.399871061972217,6.6572064273055735,324.5106857185957,33.49651645181395,0
19.316420549936865,6.110164087502463,37.97860586485867,20.91356806688005,0
27.457809516380003,6.324077262392074,188.3589953047837,127.28604990872734,0
16.70694929987536,7.016581948016254,402.1034580515299,141.29514529738023,0
16.033634423372153,8.407757038739438,217.30264414506158,6.3172289651284075,0
25.62709263136296,7.716145930107903,498.59399459757225,187.24244924873796,0
25.81270243220213,7.53800317786925,279.9705831883545,10.394256730294483,0
27.748598029964132,6.8804664696243645,161.2599141653408,108.25926706021409,0
29.52182667445323,8.795261158298448,110.83555162647181,141.8121038901833,0
34.517041589250695,7.191045123711575,175.90974660879473,174.19382474921713,0
25.326006966023904,6.261278300387314,186.89410360601585,142.81738642648557,0
21.45912945882492,7.851199548353404,35.28812518425653,160.34561661395836,1
30.90372389537407,6.341515180429804,185.41752551395982,67.89003850856122,0
20.416645025241486,7.035669428405076,232.65502134987324,162.96502274930245,0
23.779428414112722,7.522235816153427,361.64613836716353,16.02296927693503,0
16.56912762684532,8.622667574055527,328.70801287608236,178.96333121210552,0
15.50701486830915,7.480639741020356,354.67406195934797,109.51847523074724,0
34.2529682935585,8.106776298094992,5.173477256551692,163.45955399249874,1
31.719602410244118,8.97845051699721,109.6160323906875,90.46365690366002,0
28.91948412187396,6.3944673596939445,331.1804599115284,128.71553903930499,0
23.179058888285397,6.8241945765585585,242.51069472169382,105.28053218722265,0
18.465886401416917,7.183728226792939,3.6514243585046273,146.31790435106637,1
18.12874085342172,7.265484535616494,402.44282657347935,16.325996406117916,0
20.004857963291904,7.233063225796638,386.63197707187834,12.07041679811276,0
25.984533294122407,8.722833007669664,274.66116233378773,49.42064680202929,0
29.291918454001248,8.142097933400569,34.16519956235979,31.90893602263767,1
28.203947534354626,7.823715642272111,383.4910097167597,174.35671331844034,0
20.598677938918858,6.928118153588346,292.2730802779506,43.84279747160886,0
34.097305613263885,8.471371152663885,391.19802860182165,195.17305116382627,0
29.75793833391537,8.865181534454967,376.1217492055244,67.37915835422137,0
26.087081050228015,8.463594847650679,401.69803390696075,36.423583137739854,0
27.234414924687044,6.004695315574419,259.48602513590777,157.93970142849582,0
23.3920012485558,7.909204110550221,71.02193457856399,131.74155510017522,0
19.95461979002315,6.153406144326302,335.9075792164646,99.6391432906278,0
22.119453573025233,6.772821661001165,310.61641874093334,111.07271018752624,0
30.15692220928738,6.178574101043315,371.3843404123445,143.84035565445276,0
15.287869772595117,7.811386358848163,85.77062201931692,45.690948266259745,0
17.321452810138325,8.05976974047782,98.29262475024431,199.26678321134838,0
15.920052840435055,6.3434629141977155,445.3143490924449,194.9586324293566,0
15.814576046379402,7.151516649134939,375.2389214275833,130.06513726938738,0
32.10921168022014,7.368709526866626,454.20601586146114,39.908490185829024,0
29.073157187600472,7.107159065282749,379.5989452607964,136.04564848625827,0
24.483476581746505,6.363075001455579,298.98049768916064,14.439681795835169,0
16.95668321302003,7.256843370562426,327.412235776909,6.130500441161213,0
24.832317502336647,8.253534143425254,444.674834046065,51.53657770224274,0
24.469435415611315,6.2130229935997665,289.8245705014583,92.52459134786326,0
18.464037398200304,6.24054004224571,316.5632708398653,173.6545010816761,0
23.67703298475946,7.064313875507953,79.08188128579668,145.4338139532616,0
22.97009468794747,8.825177134856775,237.48668883793525,148.5413042399962,0
27.31700196104433,8.005717940168742,358.48215886709136,85.09866688961507,0
27.701873017352874,8.036009870017693,136.20040645986634,69.18699850939258,0
15.90608019544089,7.0857599725135945,101.92483608174292,74.20775259692054,0
22.492252292529425,7.780982373625616,157.59957730398335,197.52991274721157,0
27.517198314284727,6.03039355208323,121.50881336842389,8.021838282496496,0
25.062725171601755,7.908288139228627,108.24140588116153,173.40629922448971,0
32.12979682376644,8.73986084272871,213.00057059117538,115.73508171447868,0
28.173872632378902,7.8377204050344575,454.0114184278835,87.7230838379181,0
18.258688541628594,8.621095780399035,254.02276372262043,145.0515320830273,0
16.411374948008596,8.17191916639828,94.77227002684619,97.33378828494057,0
27.84838556412631,6.36167524921107,39.40886302105616,174.68464761633211,0
15.530226210832437,8.707359921857526,348.3819164238247,180.1403728022517,0
26.715511625469265,6.199331533067324,192.01658345375753,84.34418537469108,0
33.80460482849915,7.601902417643291,411.09364234609427,55.36555944701031,0
26.50948355751758,6.426411371380373,330.0958735517443,118.47006571867244,0
22.763398524130437,6.035119832192712,398.3244838201429,182.4726691233382,0
27.865764368847064,7.2661027803829175,136.70107366980594,42.132437801133314,0
24.165057809830333,6.885122122962469,346.487102308068,124.59331671269655,0
25.9123357863187,7.4580014813928095,132.76693036216568,126.31204401850411,0
33.8292961755305,7.731599660203653,469.5951712456955,146.6226044830562,0
22.722052756015486,6.131217216926842,318.5507664851538,26.31353702545196,0
34.22381127647829,6.369009885371237,162.9313882874957,143.16499293641772,0
33.107012839121275,7.675927189351276,135.48641928384404,181.8065041331282,0
18.915822695785927,7.0295020595179745,96.27236595075011,35.93662177404839,0
16.38722601750331,8.187520462648344,347.62583848797016,47.50866498477553,0
17.01556002754853,7.956874945775819,110.13909088596573,194.27901880832792,0
15.364436513030995,8.536813088969721,298.05632969781703,36.19539054189795,0
16.88885921511857,8.077478480007676,133.0528784357533,170.8770186739158,0
28.660135468327137,7.289793232170444,331.32250345214044,98.45557128960695,0
16.42377296920458,8.018899867183297,407.6549245417291,49.44621488063541,0
21.379512605875227,6.826143522766255,389.2345963291819,174.14998025450228,0
31.89750621938909,6.918940496334638,380.6648141344601,89.0610510005331,0
15.465438714716518,8.36695547976238,94.67348044043378,102.96347078593804,0
31.289369651778717,7.339258549204747,45.104088545274834,71.84667387995314,1
20.637095495468,8.395141021555057,349.7754654152054,118.59017028698548,0
17.363296552433127,8.467267121004834,184.8052596833813,32.70477451700455,0
28.934743307283014,8.572687012983852,216.7407669752703,78.21630733035214,0
27.578856935597678,8.749905707523622,16.54339730390214,193.8824644670575,0
32.549440270541055,7.292955661539889,130.52864818824955,51.626686540225506,0
29.701420876077716,6.956600454963416,17.80452553335755,131.34733290825844,1
31.06961860769697,7.746596239782342,439.71370052802257,65.03801284493898,0
20.64069145142613,7.113517270312883,122.45494492604671,154.69462513732012,0
18.548790875594456,7.8032225004006985,279.111247616931,26.174732143669964,0
30.012295032817168,8.116757587931474,20.450681009904077,193.96420901570895,1
31.13669478534528,8.065215055476411,333.7568482615234,90.75790827672785,0
34.81010284001347,7.1236586610603645,162.19064553129283,47.21009266929279,0
23.25235353822853,6.500580605096259,449.06167429187525,14.69934946600253,0
22.440361715855666,7.291588015386623,444.17097627808386,33.95158101750815,0
30.528259214839935,6.427782432245726,163.32001856251213,103.95478971120353,0
21.816070805060356,8.670291105551424,450.5794869495435,67.40063528625726,0
33.61514651207129,7.037632382213572,498.0826790758906,165.77667317652188,0
32.16825503686024,6.463379241669971,412.8824163978501,86.17750473236119,0
23.579880547500366,6.0763432797172525,422.5908025298593,49.742854517525984,0
30.017421355829946,7.9374671588594525,125.25535931843586,123.428997320806,0
30.090857481693646,7.9107069523642295,288.7744970300204,141.35544337708916,0
17.062477376718654,7.021812499743875,34.56070106971656,33.408381580189975,1
33.05105813359133,6.215135666542953,48.36405047401318,33.52384325766353,0
25.105047448957144,7.228886684685696,499.447413404612,7.334285386708594,0
31.529149322154833,6.933652485190181,163.99298546352955,147.2804030131281,0
21.400992020612236,8.031361919205029,374.3437721123743,132.76090552436102,0
32.91046456992401,7.817337748358071,403.5258614603814,94.92617514996277,0
22.784033574683264,7.09378118459262,429.1536122326074,168.83408979383944,0
15.216753029605968,6.65367766276497,498.8165204036761,161.13403059001064,0
33.10763952838528,8.964107898466775,121.50674614317705,117.07087287935043,0
16.82573353572267,7.362004863588345,21.135062602990153,173.65425610265171,1
21.3862727518083,8.064822707340712,206.1845674792984,41.16824200735365,0
34.0012393410161,6.421658902735082,65.91025424464453,22.383923879545577,0
34.012142938751126,7.456769098978193,12.190518691865506,53.949922303397926,1
26.46875776246572,6.082610159608397,180.85298674360158,11.417371217862971,0
27.636744243395984,7.51636535373135,392.085387286543,106.2339056002064,0
23.968910439566393,8.892052221353108,283.5241649213104,187.3211384589923,0
20.86421543396129,7.152620138957401,157.07621661596667,7.868708133701929,0
21.57329090739832,6.1169880377247345,327.5166607408671,24.42198280200536,0
28.450369121540767,6.092867372758031,116.77707197409654,90.43980565668706,0
30.0474905887536,7.163960279840609,8.176341589970427,186.77500350558097,1
30.83158087451697,6.480074809389582,382.4123398317773,63.2312209953501,0
30.792362855891078,6.070056288984558,312.24779934714053,101.44696173767849,0
16.824122060973806,8.26864084185053,381.38900962597904,8.31457181007842,0
24.88840609405163,7.375569026645672,20.43007032714514,29.668640192417772,1
16.151175200332887,6.867734315917963,418.7226942874955,197.32602459176937,0
25.990577646474712,8.700249549049442,310.1435738181154,193.0237392872091,0
23.83061002746754,6.348416880601577,282.1342800056074,0.9879961868819231,0
32.754083655166,8.867756486865957,312.6824100091513,190.36235708464778,0
22.018300251041573,6.9419001521320585,432.3521901873137,127.82398756310008,0
17.341340328552118,8.665211016926044,293.8813167728946,173.58365890400444,0
17.859833641056717,7.808828629438384,290.8942395642015,90.94797112677182,0
30.230212634349446,8.480122079224461,495.34889937581715,103.11920571585004,0
27.364361266325222,8.952039489631392,378.60835336721544,97.76931605138404,0
17.022453522455805,6.865216313456237,221.7046089201165,133.37285150922088,0
16.682136122299948,8.88340645622278,353.99110301643094,27.93025095126258,0
29.0193826291824,7.168445684707261,195.22600537420246,5.9947179745355905,0
16.45526012728387,7.156535714210767,115.208855779266,61.58598831823818,0
31.437201185807126,7.0211613127635175,298.829086566992,140.93615254732933,0
29.124844543129925,7.624222822042755,464.1628669588618,40.370690424589675,0
16.626975612837995,6.462435129535462,464.6406204877159,134.68648666498348,0
16.69675428170384,7.661134456074033,171.61073377463967,193.98240922145408,0
34.73279157002351,7.625114437230012,264.3110556446258,18.78014315788368,0
22.485415915122406,8.28570543781461,106.60631338636074,134.52042364502526,0
22.412842941337818,8.500949885812757,497.81992363994283,88.75004386091423,0
31.25599134515005,7.321324050937272,490.57783602609993,173.62845087550107,0
33.94497154767717,6.906999748054481,325.1049559240162,35.42995788947718,0
34.720021276457416,6.778004691951283,402.4026157790592,138.5251904452329,0
30.067563705178834,6.583871510114616,357.8349804805663,167.62305792962204,0
22.525191710618316,6.172942746597075,296.98595130069464,188.92284389480466,0
16.670014333973377,7.02734393650414,27.62065049745995,136.64960565792916,1
30.542938318548735,6.81074307639235,227.9274069337779,99.43495280168545,0
26.1680849947161,8.899252157599221,337.71836478153784,123.56944804024278,0
23.484440184939526,7.673126478750132,339.0882753279586,173.78099689574364,0
33.12708770189472,7.041831117091522,187.1881865927694,114.12194932776593,0
17.223949646123028,7.741402802981088,470.90430134235726,6.077411939367372,0
24.852502085817182,6.417590104037086,84.51115908615373,186.18973910139556,0
15.227072895348382,7.3321312476066085,250.67936366156474,137.90535020631222,0
24.373212839882527,7.878702964263192,345.7511042988606,135.30267715544932,0
16.126065513636746,7.4666934953773545,348.8707671400128,43.13503047954343,0
17.376358325361437,7.205336401962972,324.67083942763895,131.77709404653143,0
17.350524935542097,8.981545166699094,138.3688185124782,78.77288113083169,0
27.984206042321272,8.640944286446782,78.94707777462436,130.24659540829842,0
29.920897585308467,7.87021787447832,318.3342230865287,21.318606061598146,0
26.667375301943192,7.7081320835468485,300.0517559535794,131.5690609206072,0
34.24345096949084,7.861981439473752,90.49864913433125,199.88274515413332,0
22.49741159047408,6.6039363234673,352.8644336397111,9.642407772111206,0
20.714241725637216,7.185413229792956,228.13082387509456,195.43483684426346,0
32.3719825637892,6.118378598672698,334.21253520997334,81.38159214457413,0
19.47191677038905,7.426638112460481,418.8461728053052,174.15069006745182,0
34.264450788812226,7.62907375187299,85.69448585988467,156.4770968116547,0
15.243089493796326,6.683249208309629,10.553289130421502,113.40325219733356,1
34.397576534152776,8.89208654149654,389.7721906114976,147.6898418502653,0
15.863198239011522,8.728363832811727,305.23901515115534,175.7031122602696,0
32.82286227396142,8.166429706367717,350.1201452414387,80.8280643302066,0
25.554022181725998,7.600159886296088,419.2393325193326,65.40663231264774,0
34.85929592238601,8.609907478943054,401.60265647742574,133.51867711271694,0
16.475931294707976,6.391957031470389,480.4991533174835,161.56918838825172,0
26.077085688026415,8.371529382824654,268.431604347207,152.45702695532316,0
34.38605071238198,6.374462441900545,244.75932069729276,159.5627297717269,0
25.461956883402976,8.382631987648217,201.5417127454743,87.1166629625866,0
27.58797276270525,6.827302704754071,77.69183037925806,163.5668432350043,0
28.914973779692343,8.631271743054567,286.7310092081292,24.04181107412169,0
24.090821295355465,8.832126281476194,139.22924963866342,108.89781959216991,0
27.55116160168127,6.446387908215347,460.7324485942748,1.151732099624314,0
26.686286238462003,7.388026815196181,292.0122113342717,64.91716598005407,0
33.02316020981978,8.942962134488056,296.82725007354696,73.29230697427957,0
15.908927606829158,7.450222307919439,178.107405777628,79.23453832185108,0
20.619263791844606,8.590642567543636,26.942686636876036,139.09344133797242,0
34.008229681531176,7.76619456639396,16.840138921121323,77.71162025406915,1
32.80527567781833,7.1259897237588055,212.24423693244555,89.73872452450613,0
24.11313505571426,6.85735066657761,43.19812367052169,47.50882617486549,1
27.402651956030734,6.609669273258262,303.81663081452945,74.65035832586801,0
20.54762365962265,8.285394574133091,440.605529814189,45.453925452630294,0
18.762423194475225,7.159621520469083,441.57449344284237,14.639184753688728,0
24.273968098799642,7.533826386602254,329.86365965598395,120.68971867627558,0
22.067044560521055,7.476976440003545,106.40468390499257,133.64255971100326,0
26.67312223701744,7.731837087699393,431.63541884807717,123.8980692019229,0
16.554692739299696,8.596731436873657,443.1606242212909,92.69880876011447,0
34.487896153323334,8.942218030750288,99.1301388915264,75.95715603584597,0
34.72421488959206,7.222752625721451,368.97561679956794,172.66672991436505,0
28.963234280394904,8.48255676631891,143.97325491463434,103.81635702724361,0
25.72192732688241,8.293583383964153,401.5175158641119,95.8363755259462,0
21.190552325726557,7.7205868543667195,498.62171205189776,5.1284131612871375,0
31.275900394138972,8.868141430835799,15.982976659367013,68.24956552523128,0
28.694623451077586,6.601423546585209,448.785567029675,76.03912375717141,0
18.252338786897827,6.327792630928864,311.69263626573036,79.7645561793801,0
33.21854368987685,8.561885900866265,486.71792696324576,116.03447384546645,0
31.45074485846338,7.317449449901245,233.03974924568737,106.72050934537569,0
33.99599826583848,8.540906562621181,423.84657735511547,121.58101855868892,0
29.5143901677672,8.679270615586244,32.13464023054034,152.97665230842566,0
27.268303918715798,6.187372780857214,168.30424598906956,162.5971477432187,0
23.364860725812377,8.650394288958182,34.441252337853776,143.62461524529888,0
33.65456966708027,7.344957166108267,487.6962236060562,191.10473919098695,0
32.32127779000817,7.531297467012696,408.6699797286465,3.646516535272326,0
15.904373402123788,7.879777533279631,426.42116320173926,39.15559713670922,0
15.52733948994504,8.77914782019026,469.0446504855132,1.512574995628424,0
22.52926733756099,6.057348283289292,43.466639573772895,129.4949428309206,0
31.211066615636657,7.430530404953451,193.41319866415336,179.6061097899974,0
34.74552258629889,8.063166127291682,36.446409632957064,48.69645931525986,1
18.008337822070565,8.168120873094686,106.18575767346428,185.40690895926133,0
26.8826143070427,8.077597294611323,115.45352274179851,12.05347805791217,0
22.61781713262043,6.403305388224366,235.08449831274177,186.88720536110287,0
34.398287956292066,6.898186765115044,135.01252155936766,70.32453744792689,0
31.842378462714173,7.07614657625104,51.38807530206279,20.284165689843302,0
31.766574094222758,8.413311623038515,84.57805345795974,97.17435183726512,0
24.373863195899403,6.836279617243659,74.49050621249337,51.35531354410159,0
23.296390046753302,6.63211489160161,486.5653221582368,56.97458039238457,0
20.468141438614126,8.872344057114288,379.8869609523183,61.45799298525731,0
16.127509933018544,6.026589855340407,483.9129711695114,160.60517956653268,0
32.29444752510106,8.993462567045935,220.43050276744637,107.8322553350509,0
31.258020182601552,8.030463896572186,139.90587234966563,62.26153983120073,0
34.99435346572261,8.48540789834735,399.34830540738415,122.06675666218368,0
34.93273674147811,6.8838581890385795,163.80070510253225,143.2301348446387,0
26.10863411205255,6.04294583300118,150.39230347896878,54.52480014670675,0
30.37974830361021,8.21360855568459,117.02049011170776,82.70982030507031,0
33.895314597648564,8.502433791002026,65.70981013389344,24.37721866738951,0
31.99294781354823,8.221428395860556,128.9750674473662,36.22986990693606,0
19.94696203486395,6.428550861902516,178.30455448846996,136.22357079299655,0
24.01088270620187,8.260283766770907,337.32310986471947,36.28766953912539,0
17.5831883030299,8.306768346322922,32.21985626750634,105.03267673341203,1
34.08102054517445,7.975621547010165,106.04296289300613,141.80925234448654,0
27.123492689017603,8.298347798386759,404.70279650554653,21.375384618948768,0
19.572856110069253,8.537764319033197,74.3140398683016,113.4624439257807,0
28.434013688117133,7.8408123427123755,171.97992811473824,51.312556740272754,0
27.362564809157917,6.265814141909037,432.4648020072119,192.58537504751595,0
22.163254360656808,7.462883429001632,78.30773026057788,96.70912934398494,0
17.27115184399258,6.2329480040148155,42.28568097347676,161.19850995503162,0
28.431463911855992,7.222629093097293,242.7844595449254,110.04530843125235,0
25.406154018075867,7.221319467376883,151.90733612798965,8.682506570963833,0
30.446367834712788,6.198029532420724,282.1407738774432,126.63027511880446,0
25.403270022239866,7.0464616019084385,402.0986403512541,190.28066844133141,0
32.043630006370805,6.332994296373944,69.43709558821884,120.32236402926624,0
26.03813677548971,8.424705630027667,290.7688431925882,163.83777188535805,0
26.218759430707728,8.843064077893413,253.2488714345421,176.84129266968156,0
32.533072053166904,6.216949425773816,72.89531422058658,45.615954389786495,0
23.06965732424794,8.865345621875104,312.3752442789622,42.40896798164533,0
17.680304569012815,7.567729798010236,137.54656851252506,122.19619777019834,0
15.57565352626678,6.898697033861621,244.42932495346224,82.20569396134094,0
30.10274511347238,6.230586225828491,42.05388981425388,167.97226057334407,0
27.406191027069294,7.501872804211254,230.3324445495979,180.00462467960224,0
29.08159536198447,8.383546633472246,153.92527055336734,70.68427586054362,0
19.259283230178212,8.121259431800095,411.3682243814918,47.374111794896415,0
17.727429511735394,6.150678034391921,29.43238477168677,156.10510304877238,0
15.290893313357639,6.218705506103711,209.88503018424663,54.96120710962722,0
22.011751176131938,7.2086198478979115,229.75728064158756,164.5228637027357,0
26.79835373709266,6.88587148214383,362.77803207326025,84.74765072975256,0
22.844880901994646,6.697152969168144,287.5694999700153,133.5099798582941,0
23.749498440474582,6.843013496726141,333.9389562598963,19.107062766933637,0
33.08317388987497,8.410448229890655,388.7475935402263,124.7718649353146,0
21.965109340466007,8.787684160895562,431.2392838554362,90.35353574744582,0
25.279789783196215,7.215308083582699,157.62387286451278,117.32169263509482,0
30.67306025482286,8.718333006397492,269.4733299765876,33.602841548972684,0
22.930855646425403,6.964487103743646,420.21393114116074,147.37474898883642,0
27.441734004557468,7.429310959031374,494.7361143515632,172.5594155086457,0
32.2472741749349,6.678086993447999,444.8701362108378,43.34796001815513,0
33.990412473152844,7.921428126527532,186.36216404956403,19.142911104032343,0
17.941469618580758,8.936943345524426,98.38809209210656,4.727717209267279,0
33.53175250322989,7.810479288130136,245.20687616588776,128.3943000886532,0
24.842325861590766,7.073442252340646,371.07908446618507,121.41880721775615,0
20.164887765979167,7.943452337971586,246.7919663058955,109.33948254281401,0
24.182715124765224,6.368762035396163,242.1072507935206,46.389419223195084,0
34.60065150570954,8.665977240796195,419.27698011981846,78.18119918110294,0
24.85236187985739,7.509251852339509,181.340485754526,118.8952670372346,0
21.575032205750162,7.348049226118926,430.0375427310112,99.35337177183388,0
27.668017086334515,7.757594365360557,203.99559567491005,197.55710404297747,0
19.802912375563864,7.874351588368207,164.78831973349136,27.287950511346626,0
16.51726656217328,6.215327418679539,227.5409656886498,139.02891080951875,0
17.577594438212984,8.047851663670208,381.46103237875934,80.86375362085843,0
17.56091677915545,6.725795040946589,63.875011904133146,85.63992298512295,0
18.038053870245886,8.14185789751977,99.01318872013667,143.51955313163523,0
17.776543452988204,8.46760438315259,475.7709680058829,138.48723026487392,0
27.817494896064293,8.41187552265756,88.57032206329733,198.25119874043767,0
18.637601687982897,7.657502902223667,284.2959316475962,25.678857890825046,0
21.913345666477262,7.560509676932254,290.077918864307,20.821929876833266,0
32.935768198120236,6.428627884018235,245.32260656307216,144.86776342574822,0
24.479232805257446,8.326038451209406,322.7278790398325,115.67738340128182,0
28.351154770420543,6.814228141340143,115.68353617301159,54.83213331196117,0
18.446397424032597,7.490086268453839,276.7784716205974,15.883873797797321,0
18.845780376173416,6.852822278782551,186.71445436820167,17.131649919286108,0
15.817372325329577,6.401485088999079,331.1719625549653,178.83817493282365,0
18.37870126144329,7.88867309067521,71.47054814320158,38.37346494374858,0
20.57180678063917,6.162996104468712,285.86783100289864,64.67431242310415,0
18.540209685534936,8.245935702378599,93.44990733627853,45.3312804453976,0
16.774050675141112,6.95276038578335,140.04288849440317,70.99926116638746,0
17.412717422012015,6.000404079013456,110.13619036146802,13.884768549218673,0
24.215575360654515,7.5333874177116895,92.23605215453973,103.81195818165408,0
19.12667436811585,6.140555725582809,413.02976482877284,13.52251271844298,0
22.28539722096151,6.828508673462698,143.56807626278427,160.07130156447232,0
25.068345417097138,8.120929462367148,463.63476715036023,46.7424163820866,0
28.807896572587307,6.188068864865597,484.99333614725026,108.00238292090212,0
15.786242796821979,8.518015477068007,286.0589744986116,176.01581751229165,0
30.988207978180853,6.011459767975749,72.35756021019748,130.17547380943884,0
27.558007789818156,6.7404716076057065,187.89957344641104,106.59155731026706,0
16.635180638977438,8.222712168456214,399.0683994107588,64.86675062307512,0
32.47157248213554,6.948810449187921,184.32797361983816,66.60038261163959,0
33.417448010636264,6.30567716419804,44.421591933091584,133.89739103963802,0
16.221559197097275,7.080701756401284,278.83567055316576,198.8278722442335,0
20.537552962944076,6.811179859153577,422.71530489652133,132.36783796987572,0
31.124025595861227,8.528135706481665,398.1672671846077,111.55668347400498,0
29.965193807673167,6.94004375275543,88.38644692504627,146.13010204784922,0
18.690420387127546,8.366797415328023,336.7095425918209,93.04112245674364,0
19.186986466734204,8.675616434432204,111.0316274543879,12.028468520157043,0
22.40944205582764,7.301452258729588,109.88555974153394,112.45936317558196,0
24.690459703820427,8.729829431563175,437.16181487928736,191.52505690107603,0
27.36509543060592,7.1319541618895785,125.58480741737485,35.06058847153193,0
22.378272791395446,8.892235249470325,132.36042591248759,138.00097816413316,0
24.25069432266296,6.267868573576719,1.3260419898884779,40.18673773181129,0
29.94941876267513,8.061057799509728,435.4638480286333,107.16553689461625,0
15.733664057811957,7.481442121370786,396.50481179135824,19.335289929343922,0
20.048738886880415,7.162946416366941,314.03713861024835,90.07418725163703,0
29.26699171769105,7.898135636245803,375.3826162054823,151.23266577904923,0
32.904136753743984,8.111571274902992,76.8722351448214,69.51430484779641,0
25.233548842313322,6.0130898089509275,229.70347369920015,132.9823448974436,0
25.642269705306312,6.500859266241596,176.25847428704165,159.08999215794583,0
17.14344022679552,8.139138151902955,47.794486602251226,185.43556389589054,1
23.948247336469095,7.999156240734619,243.57911212224712,46.928416371090705,0
25.652345329100463,8.89814251538603,460.4490855209751,79.86318316186163,0
19.849410072694592,8.28311337075235,20.989500406296546,30.483202666083486,1
20.38486461898762,8.852318123194014,146.43899583340314,198.49670043167504,0
22.545683262092453,8.10762150460442,104.56292716664603,185.40019358485907,0
15.401423955554527,6.894156625918329,119.83518017918246,107.99142605611192,0
21.441583311663564,6.3160947667525695,454.3088413878083,168.40665887528425,0
19.22896013993089,8.345471590034807,234.56645806291078,104.19159545440844,0
21.54994704355829,7.932447664427748,233.68340705696957,124.71713760055194,0
17.395242636385024,6.1445580371798885,380.5272455851859,17.824886423203324,0
32.8105456147979,7.0801513977029344,78.09160979845798,151.05408409936157,0
26.871849071080973,8.870399446452858,244.14541169592533,25.542696727046966,0
28.582046382889793,7.501203437130604,215.5626218464088,165.21352605050566,0
30.783424772146766,7.298187408059114,298.8584345827814,156.40561753407718,0
24.968843978581145,7.373098815477881,499.7792939219689,141.74893954859527,0
16.738405761748474,6.626648172015491,384.9549981469415,7.232076104952423,0
25.742130836370954,7.1061215125943855,199.53498580569615,60.62567118906572,0
26.736822360417584,7.10943976796153,413.9489730847494,52.62251398216857,0
29.9087894836866,6.1570650605624175,86.18347329292762,72.02728149430382,0
23.63319092459359,8.302702885553755,16.201379468171105,17.52854935276771,1
17.551606055911275,7.249513295711637,103.01973785967225,187.39156460621257,0
20.67551811597449,8.46653966044927,170.86536650101556,110.76044814247525,0
22.2616459279727,8.551044003359685,255.77979797232038,61.10486213160471,0
27.918344826632023,6.635982164095974,307.9494411300587,79.39630341485669,0
26.41556609337824,7.972060446510386,455.3922528899964,89.44050810096714,0
22.121934517956923,7.416845412488945,255.41715076567837,120.11886667212346,0
34.730304975859596,8.640470213764456,251.13654666823896,103.13588553929955,0
27.115496387137743,6.647222037529362,26.071261901668084,183.87839464288348,1
19.74453583471989,8.033439600930134,18.42086477545568,99.39269658116605,1
17.035649452408073,7.823256366758168,276.02882099626964,198.43160296466255,0
18.057182783686642,6.885904432715498,219.6511280109239,170.28499154901914,0
19.919154567690164,6.409802710953517,419.751017095169,41.70210287146716,0
18.213627465191113,7.954919281431829,81.17911277121074,186.11904292878324,0
18.731340481026116,8.215792374396992,13.460859396407749,23.273279577095217,1
20.70190337387694,6.94688203129005,225.0703451971328,163.4899416982383,0
18.467471905895096,7.934497812066941,119.50179981937649,76.12465869531601,0
32.935308492528506,7.18539272283451,25.757572296079886,175.5948640890139,1
16.604674913232845,8.139620649847853,362.57454513696683,173.61133802149007,0
25.490227791405093,6.597645824682159,56.68490697866649,161.18508002352422,0
23.20793653979323,8.670645007908522,304.55143050387807,158.0060872614123,0
34.647572338172125,6.862228789396739,141.2438253332777,60.93582781960816,0
17.240778043361047,7.103357963268459,87.57452912715598,16.183856610250437,0
22.95711198091483,6.174275856241049,190.49600993673943,80.5960357530323,0
34.389408665507375,6.334536636963829,400.92144233525386,34.70490299730174,0
32.310142517879605,7.547585708136984,196.65469487538178,138.99021778049234,0
31.3414414189856,6.802778030183914,375.6340549563168,69.21994530755711,0
20.158056540898798,8.506440677226584,63.617662102776194,195.12204017198297,0
18.417751747801315,6.0440801659648615,386.6129384128745,128.1944154690664,0
28.37286439848862,7.137282146015808,119.22972912841767,164.49611272687218,0
33.587519782551716,7.012036640307278,339.0191718145475,26.504934548369686,0
26.135257860278596,6.057982892752803,283.3249958656572,172.40289645452452,0
26.432253789397997,6.37310519700153,464.643213888632,184.55143810267887,0
20.599581873205683,7.240928024755906,194.2739364696817,97.41238376378718,0
30.389858663838737,7.47859375334234,34.01642922838578,121.25058755019549,1
18.74087497115047,7.212869241764608,10.558587290075199,152.96196018059908,1
21.473584728084873,7.592813035236281,413.6024219254038,34.96772545208251,0
23.508728772328336,7.785395024717045,262.84308319305467,100.51321529268849,0
25.1522075736891,6.029771463383507,387.8467818656397,79.73260555446262,0
19.848194648301604,7.392285478360511,117.97837440574583,29.27479843244982,0
17.29673649478407,8.890497722662765,173.19678901110362,73.50688445830629,0
27.21240084883265,7.557096840388646,16.02183223344815,13.634461877098714,1
20.772611064805115,8.03262680237686,480.784669962482,5.162381389897397,0
26.624764428452245,6.935591573750649,334.2660854437059,27.03325783096455,0
18.087254305484045,8.321974134458287,466.6693387918938,192.62302231783477,0
24.62280203709635,8.318764445628345,133.4827073071071,109.90590717900339,0
25.651788651031715,7.563888142962417,306.12034200160474,193.164432230644,0
16.03647073644854,8.928041469837641,339.57148417802625,86.4995756660264,0
21.732085563878414,6.3766506442879605,159.45730042853663,62.363226617051915,0
17.688293538779483,6.050842994668743,424.2065082727994,101.22837256804883,0
16.267499409455354,8.310474635271287,473.63356998722367,87.90233772658202,0
34.7992046477989,8.421466612094648,442.5427037303062,21.132936852348784,0
21.44707689949446,6.3606216873617285,369.7944209937469,128.16526293804125,0
31.1974889170927,6.796748498875818,139.45487518275206,43.20763650191992,0
20.092813095275275,6.052657090099887,141.52640501071025,123.91759097956592,0
28.630054444478585,6.879925832341694,481.7167999025729,130.04021847963068,0
30.204557197793733,8.319425621756015,6.131963471910322,30.40497062572962,1
26.912774812156886,7.553881583137737,358.3089366478301,12.269925422133632,0
24.431523771003167,7.044286779504864,353.41683511507586,156.15231721368795,0
23.23681828294537,7.115217884718991,311.7220809339489,91.96008475386404,0
21.977365330859904,6.004060877146404,495.06431419734605,11.632759101095157,0
33.59058288495652,6.899401582695708,156.62783844609888,198.97326343395343,0
31.612388155754584,7.939376224913792,170.64596003283083,11.556112199273327,0
34.300538213330256,8.922583331449072,40.39076207033122,139.00704577171064,0
17.485944469710894,8.541182480951699,221.95627013532498,196.73578505268273,0
29.617349504072884,6.070784893936588,131.26321459118918,47.836020843185125,0
33.76680913642076,8.695681814024518,172.34996438664447,28.449873737439233,0
18.6246613233132,8.349595239895878,417.4513233375582,24.276987884485777,0
16.32992534733555,8.34112837071294,467.8067722502204,60.65502951351911,0
29.82241298580118,7.373987277010714,93.68080293058763,20.20916220212934,0
26.489462263598238,7.1940158788635085,186.88195684517947,138.4322683388264,0
31.83657553516544,6.9087471864995775,464.38665049558165,12.458359626012538,0
17.79544753252579,6.197084576863097,31.842421883922093,101.88442562995795,0
30.905346237197804,6.6847060904810975,47.08790352757788,199.33937077059537,1
19.032546400954892,6.739810904934074,82.23270361390846,162.79405390120377,0
18.27311885731409,7.452231209130605,298.0112042293105,123.04388764620218,0
18.285315958619858,8.242333219790082,76.08566323199274,61.25072415732233,0
31.29149440462764,7.42142948519384,484.07011434391603,124.77916725832769,0
28.303944413924,6.173533348341482,223.91054910200165,105.40829278233032,0
25.461308495382386,8.873369402964611,251.257462214733,85.2166767780743,0
22.17660968247005,8.828172957282337,124.08264928689783,26.142075348039896,0
32.544010816262166,8.355568629445225,236.009165964932,177.32084304809334,0
22.84890214845271,8.973983704692662,331.29490268586875,89.9569297642645,0
31.33198878943154,7.633446998400789,375.8373913400673,38.924502364153014,0
23.78269817140437,8.888305050759618,377.1801732722466,73.55187017545792,0
22.538888588498153,6.226815121850253,289.36766523435006,82.8259505057854,0
24.25359571339213,7.097042244784114,452.27552772193474,165.50757911337485,0
21.02755748328284,6.676143804020297,408.88651580574856,146.7228761122804,0
29.952187603525022,6.58749925240281,378.7670092346141,153.86097872826795,0
25.054407801849585,6.422408846678028,28.74715531854985,2.206252885729443,0
19.644253902936345,7.86724092469799,4.432103147605008,83.23079963595231,1
32.991491465491364,8.343965567241915,107.011191320541,96.26883032706472,0
22.67782442746423,7.734895198261082,332.0982733628127,3.8384553646113373,0
25.871057222279774,6.440888128764629,206.18754695239036,51.96264174900684,0
33.12944221929094,8.433371309800412,201.80072339035655,152.057964624427,0
27.484759918279842,7.907864121491185,442.40885722657725,27.42194114579981,0
17.337960814167282,7.164497118380987,447.8858612177875,107.06202629051833,0
33.796642472269504,8.02239088660819,454.6784567627393,43.0403744034475,0
27.554161061428356,6.779714937728499,157.62516018099862,2.4241549287786546,0
21.698112293141723,7.035576625482632,345.8368505568916,48.2402915199083,0
17.785441453267744,8.75245752939597,136.54495745591046,195.17475098201075,0
30.88050378540592,6.871513517014261,96.11430670415044,160.3074223765979,0
27.40145511857027,7.40996480447381,93.13159621633724,191.91532886420669,0
25.66922183952643,8.670423412188043,171.71170281093342,97.57080878527249,0
32.87785166101915,8.123164050802583,215.54885227013105,21.947239735500702,0
30.771944224490614,6.186609678494108,415.64363635647913,109.59189779473859,0
18.033497594655024,6.441909132836911,60.82565564288333,90.87546691199218,0
21.234441355910967,6.02352477231575,367.7279978500522,168.8714165479232,0
19.969782796289316,7.89276537068749,266.1960021804634,19.616516156848917,0
29.878925851453538,7.343020276231255,144.68472599532024,97.64822740435564,0
15.670648694715588,6.402824552706827,246.91697268187949,30.00973293879685,0
26.39779369742633,8.873802363170311,150.6710928187343,64.935185378012,0
30.24917371481381,7.5889791718368595,298.4448956639147,147.47141547755993,0
32.53531273523499,6.725679882338667,217.48811750476685,95.20362587375331,0
21.841634974318147,7.501810713464122,83.03835901036048,75.17765702915386,0
31.425146093440258,8.038860998205323,59.174954203292664,78.89525571400706,0
17.212634739104146,6.228717653920693,273.8011453539929,91.88935368119732,0
31.929045834690363,6.824111445143676,451.3041036097656,157.00330876741137,0
17.54977324663965,8.42089647265198,172.6348855922851,178.41693778804688,0
22.945745811207345,7.378994611207984,366.767053504089,191.06693730078567,0
30.94590731559107,7.639731426096885,329.6720161149437,157.380677251059,0
17.998348546975475,7.298448006628408,465.84590224043103,63.08137914960255,0
19.58502790465283,6.131699827929015,410.6695276322713,137.62694121730843,0
29.445051367861325,6.497249339460468,283.73602419382604,87.52062481107839,0
29.400730730921488,7.336624916225673,328.85821861881954,50.934124409210234,0
27.822952657705947,6.627556396223784,449.2948468254334,168.1743158851845,0
28.878968889342,6.149937085979036,200.35987350888047,7.685269792464999,0
25.854488866951925,8.530948992155471,164.0705582230309,180.3523984270847,0
20.035981178139053,8.943577587492348,6.394730733962973,92.29549292494683,0
21.913919870078388,8.379428621990218,413.44898602154063,127.44029536165608,0
18.631954336028514,8.561354765114,400.6893695012791,131.87078444115653,0
33.169011226672566,6.7259313909511365,53.12280453197554,179.0235481413073,0
26.66783589532241,8.8818809265396,288.8518331852174,127.33393643344147,0
23.017028335272798,6.590777113360285,232.5268673852768,122.78671695201236,0
24.240116072882653,8.854289431085498,60.23583865904662,13.330408112137992,0
33.94566679223631,8.984457881897853,490.30354530330106,103.68160438904081,0
18.067028062321604,8.135168417238146,108.13324784421437,30.03380016340833,0
26.724596640335946,8.943431195375465,34.54985586519001,147.48675374429712,0
25.11777357768932,7.708619338701311,297.8288423714529,102.4443841625349,0
27.22908470869296,6.778625349528271,369.6944718893833,136.04555584167065,0
15.36220367641681,7.310987656996863,17.189279577546294,8.334580120476854,1
32.44247817888303,7.780682806136358,329.7001017247841,16.958403209160643,0
33.64236564967224,6.219244686081045,266.6136460997758,143.26467761253645,0
26.30266367178418,7.867029793851739,52.529239428649156,14.416867199734673,0
28.933016477537844,8.943533510286883,87.08941459623468,14.25134555305172,0
33.449987623545915,6.5703229493511826,284.4191743607242,2.42169504697749,0
29.14477268626797,8.37778534886515,148.8824491431309,191.30027965989603,0
18.050780858285226,8.723696381338858,469.21954859700674,147.50167189180138,0
26.525767203336265,8.831104778460663,409.5513745125413,70.65028170041283,0
27.13430092765712,8.880406813216341,491.80003605031783,59.30711625753104,0
23.48261342604772,7.564378916164416,130.57574863625658,69.9406459491699,0
29.728884712494455,8.93192372397451,484.89209276619056,154.93070623623638,0
33.687340295380295,8.271930621403317,216.18570102598738,132.27412221408287,0
33.51137025813553,6.485014308710886,174.41187886156357,37.03911357349359,0
24.016787428082644,7.430700319403909,26.12441395770727,34.82186706681687,1
17.264760916815106,8.154993526116012,27.32986367194171,19.679129942679463,1
34.69682397924669,6.74202094745725,346.3136167173807,132.06054394026762,0
31.777961728918683,7.921845550646662,229.50656822257992,152.87453244434718,0
17.493253624065336,7.999801437139858,114.03429139201674,53.0092856650008,0
33.416837652347446,6.488099231425697,307.3711828562911,4.188992206182562,0
32.39792724124257,7.695255937358269,127.17620100680547,16.43433349528547,0
25.376761142521442,8.314880732935823,289.2382454178669,193.57200696900608,0
26.825508714898586,7.496686993607826,180.24516474436248,59.08895549548405,0
22.980054077402606,6.036309350328322,411.9525610792977,153.84462956762673,0
16.095232776440625,6.0271154072378765,410.52738422262286,124.93271377085276,0
21.70394483291802,7.071088031910037,239.19784866307825,76.38792793057918,0
31.057068971960227,8.778582205295347,176.05873555817277,41.13745243911102,0
15.092640460092056,6.686030338810826,181.91733848298819,24.277283631881286,0
21.669983433822885,7.903091066615062,403.0515483084407,123.00259360777332,0
22.963373871818867,6.666227612079962,164.7615619160084,154.9267561275576,0
25.74791205875846,6.965009968978646,105.32062747971617,128.78085070822613,0
33.39711232825521,8.544126268804451,43.25948259577811,106.06042664983167,0
21.926919887319226,8.18658432680984,233.87986732131978,8.390244686327254,0
21.939064037924553,6.286197831939631,241.58391736100108,193.69775551887676,0
29.750024962194967,7.286106062959301,420.6134464910507,159.7428383309149,0
24.044358817796144,6.0875092909357935,111.39810952658593,58.56440734019295,0
19.49209645879964,7.442670439809027,191.11464556053156,195.99406587177012,0
24.04879032265387,7.9873020351032045,404.3944637079518,120.37631792726442,0
17.817140407595996,6.355507870794455,411.98818176373777,116.4845316414493,0
18.527739730124466,6.866654816727497,192.92092691340534,149.6146358859064,0
24.967355454789594,7.193509876506471,230.10288762005376,162.35395761802752,0
23.378508990090957,8.75859307396815,152.33965953379217,131.29572146630053,0
33.296918021362,8.979765046268891,466.3448843312367,25.619149273240005,0
22.24787798233266,6.134733896986847,60.203239105048574,67.65350119889968,0
26.61176700556087,8.283023770486176,466.94096207773356,185.61672806520994,0
27.645285758390607,7.11517219920703,342.2493594658363,44.923122368770386,0
15.261889131766672,7.17737455868844,266.25450419067886,74.43340476750267,0
28.270747440334212,8.262794920041069,17.296871331463443,86.4153765888392,1
18.560719337395028,8.755279296436226,238.32249971918213,87.88099793889043,0
34.2214063493891,8.852785783507645,204.4663043963634,122.5879164989051,0
17.973254555062258,7.7313677581149625,81.44818717558616,188.6151675489415,0
23.292482474540474,7.071363477901508,328.5483921468278,48.13854236650099,0
16.706993361572877,8.362647257576338,485.6043027767746,24.30027526018361,0
34.93748503691894,6.753004149786901,281.53221672119804,39.494097971987465,0
25.04390020662485,7.6922220865005535,357.661884945529,177.3849800418539,0
26.907700346400876,7.075735384574619,35.15677583044238,129.1621625310412,1
16.34152954776855,7.969893221123629,209.41583091268038,57.181357847832025,0
29.999209407983557,6.72119673868052,59.06288409708344,163.18938779372345,0
19.198111861911716,6.5747788372044775,306.7851219327187,172.2739992726872,0
32.96108578881427,8.754717260026311,469.30259694886314,169.3028677380556,0
19.102792809640142,6.305411048848611,331.2270885033476,183.7853067279109,0
18.81375441327333,7.517873723204795,39.32472110889634,50.448204034672315,1
15.730993356961898,6.662558348889027,177.97843628755632,151.00838574925567,0
24.441338902199984,6.116789889977002,275.7810263409849,92.107899454828,0
26.29682266525233,6.108056454874279,202.20067031049285,168.3997105780123,0
16.31417278856705,6.5256653163174825,416.988361227111,145.69813543232263,0
30.51055233390021,8.600311063518001,407.5208313502846,155.28948929994493,0
24.065776694960554,6.84743623193108,306.3036790315075,131.2323675362143,0
25.4878053865516,8.851377511725888,187.35551462121992,35.48575389394137,0
23.81525493876456,7.7448668789675805,128.41285050785882,109.00538377938767,0
23.01526121750652,7.309842569306298,53.831284788351525,196.93394790490163,0
26.19280662616436,7.740266504008364,178.09394405979046,187.47761329942378,0
18.10480491861425,7.550095155678804,207.17308608665203,8.634747159402334,0
18.63856260990542,8.276328761271976,338.2356396269327,32.96296314588743,0
32.235712420270346,6.8474881979185565,329.42175232448915,26.345754690912383,0
33.922309242672654,7.059151174800907,35.98396168098722,145.1959819970591,1
22.46618632559506,8.682282907599753,198.23439840014774,163.55706597138902,0
20.414893462871078,8.839369539451216,91.7076547414636,42.70227326213438,0
27.879990864780314,8.677674682459424,79.24953995308604,101.1705385903658,0
23.17468342196193,7.25834398187194,413.8237727188857,168.14060560224,0
15.507727113206897,8.341096509020645,21.915693141412508,146.56030895325011,1
18.12305194732381,7.429007199903296,210.17225507515855,108.44744109836965,0
29.31944457694795,7.4926195564383065,84.93362422749257,118.06953809175458,0
28.178478838203027,6.6140403271718515,439.78577762355854,101.67210938325599,0
15.54191985006967,7.773390909775549,278.96321612424254,59.509690263764114,0
19.43944323865899,6.558407693260044,116.45893755204716,113.00439857180322,0
19.62149593176143,6.994694097201581,251.71121629602183,137.77706041001812,0
28.43785487197457,8.565090604859805,366.01169349185477,174.66458317216154,0
15.394210755087283,6.621227427632566,479.1008864507975,127.25827079584961,0
17.082171639691477,6.213474855520299,111.00255611846404,152.2243074086316,0
30.998321707463788,6.207022777838449,443.2047042925432,32.0143269909146,0
18.570893241086672,8.822353561509324,467.21775296957765,92.31149488395798,0
28.054922157037495,7.520761313885504,458.293851721501,1.8663239654186592,0
19.76365562093453,7.228236215451055,318.071764074093,49.33577290432461,0
16.988827855186905,8.432635743023756,315.28050656291913,145.29234302260096,0
19.86344381998908,8.507477783731549,202.20210595872757,198.36199026987268,0
29.44533863711318,6.996573099346814,376.44654326959017,19.835619917443182,0
32.11392936212572,8.080854172421386,266.115715157115,80.29886317225765,0
31.604397291339833,8.31336844755566,339.04159754291896,160.0141937398319,0
22.943670592369095,7.9639520605978635,214.80049402054894,40.80712692577977,0
28.361702731412922,6.454785224400299,366.0167355575264,111.01698986045724,0
19.09968590831642,8.62764925055117,412.41128728467,146.61425920593496,0
20.862954605220267,7.617283658208026,74.07169204480525,123.1970900520358,0
32.9267163704224,6.847417279110011,416.6319280715398,37.604946923083226,0
15.26003847021472,7.275684556313082,270.6079693633633,71.07691373714789,0
16.71017061708936,6.112713271196722,422.48828863602193,156.75835689707944,0
19.157725102920544,6.383600403667253,216.2195514641663,110.84530282640333,0
15.530644077476394,8.296640251547583,190.1412022061345,1.0459227085825473,0
18.628708701795947,6.000034904266099,457.615305526094,152.19815200561877,0
26.66083121939384,7.249697485446877,126.33346450665225,7.062270988047814,0
23.428491011849957,7.567530543256765,422.2619503177854,149.14675654624642,0
32.8534342215395,6.163903260002916,242.52626568219264,40.49611203304748,0
31.34887123476882,8.919234488916999,257.5336258330786,191.61469602387604,0
21.83634703395752,6.6783759937490155,154.92567246325254,73.5881502604169,0
20.188468668625852,6.912596158908842,286.9480581088888,65.38632326761582,0
22.59384816334534,6.911827536765082,163.28038694182945,29.777610066488936,0
26.805898850296153,6.69124998635205,20.595437706584505,61.120843098042975,1
20.361272816457525,6.004421466258934,136.72730406683368,175.33015236564012,0
27.482978156982682,8.18803438226399,4.183142659888748,199.26686752544947,1
23.18823304382481,8.900536499397855,489.19903874137145,73.66190610136967,0
26.040943617039606,6.6728804498551355,482.907857700054,89.72212619090851,0
23.722530582706334,7.989141575410267,198.1824934386802,144.4141876405474,0
20.889315190838353,8.225688980876146,364.4570563154833,177.2391560930149,0
33.96906613924313,8.545276137271575,173.55724310680208,118.60886683735683,0
30.272115883195216,7.267887591040827,335.87548538590204,78.30513963556587,0
17.802263515329052,6.908792716921288,402.9095914799436,82.52436816972475,0
32.36935951795826,6.9758854020690935,473.4313661014281,139.12362929936137,0
24.748623964990273,8.137863999295538,200.70592564898632,0.6436527208557363,0
32.891044537881825,8.450338399516909,391.8656934950678,123.91786749196814,0
30.997105118946305,6.544841903269808,133.69829686542727,71.09860208827148,0
23.50427008938467,7.112823024473295,495.1758195930305,158.83946625541685,0
15.449386166402348,8.70582059024745,13.85902978341122,18.598127964626432,0
20.37354718769892,8.420080559084218,302.16087444405935,117.6404533896781,0
25.83268429321734,8.954575208287427,330.0934848440122,96.19457797722475,0
27.669564396522944,8.262744779046242,344.3347329799903,128.4651051810455,0
20.157753708664046,7.179585603083767,61.07340181575542,12.97071889659367,0
17.78712148145648,7.771913501983914,469.3263619530921,115.99675748562626,0
31.69860473598598,7.983042762741961,91.41045624599131,112.29691759190474,0
34.68804361407104,6.235367448951372,311.75394821668067,112.13201888323418,0
25.513803646053717,7.633490877311595,112.1153634824194,120.69753331929095,0
18.43358571696607,8.127962485417829,154.30099209361418,135.29358744527244,0
20.44614653038738,6.501963912003181,273.68281232233403,160.99779993615394,0
15.367813530949334,8.34189515227667,209.17951586372365,53.96414402564287,0
33.28597613120998,7.751318341542335,80.95257488727664,165.0098820360124,0
17.355021657802823,8.856665357092783,86.29726480800329,99.65113645269072,0
26.53032951028507,6.127266894620675,209.65424929323703,15.411655826866234,0
20.48110441374412,6.7959784126664005,378.88420615947484,11.71018584879584,0
26.083560050315867,7.804661637899472,449.0843587770465,66.84766373921217,0
28.028407767037287,6.889679736617792,42.97970346743204,156.97939542229352,1
31.594836074144034,8.143272492213727,197.15884987214113,141.53618694818314,0
19.128425435212066,8.277015847565792,51.02253629771544,157.72299293448128,0
15.219916573169609,6.307547892199423,9.279647835666344,103.45381128832187,0
17.737712601376145,7.541563392620303,331.1976226393343,88.03979959109812,0
33.0003728369621,7.526671666773168,301.6222715413273,29.49050534125679,0
32.47780155125031,7.107842310646623,82.34653779362822,65.63855072186232,0
26.948262043406167,8.798774587709016,117.67260371343899,86.80387323477505,0
27.010337208673068,8.482518959619664,12.830169068614673,17.720085935923446,1
28.30073349092511,8.09162814572891,417.63865564150746,44.12239054224225,0
18.507425572468993,8.142979907204992,487.3706074282272,119.64505881274776,0
33.2882389184992,7.385148431439357,68.59430886055071,147.13262284783798,0
23.375410497841465,8.762983563289728,116.50613166888375,199.66950227858993,0
22.66277056498995,8.083786281759856,434.33635244952006,186.62266626871153,0
25.37835410565675,8.186943184967449,463.3054351801362,128.51303990703832,0
15.9393193355011,8.585072711362036,210.39406402059836,84.2496106588144,0
18.32566737512159,6.822214768026573,26.26061366226799,127.23547294164655,1
29.76067232852741,8.42121271160011,20.65652501271688,157.13032361604638,1
16.65597335850253,6.585721808869476,287.4009831684362,23.667238184677466,0
27.063042189327764,7.036025856734664,197.05465933769634,81.98097793925766,0
19.90698219362642,7.006831362809528,15.297561361249603,167.96045712712345,1
22.785912280839533,8.93557640516742,292.0429437639658,76.7665903866088,0
20.773874735413997,8.56961167124378,6.639965757922213,114.3744542454373,0
22.113454329298982,8.10350958477078,393.8986071164872,117.55387217243964,0
29.38091810368491,8.181170284846171,153.9099785289824,36.89525062672787,0
20.9424343124635,7.686218383207713,21.088743501606817,72.44708833045767,1
26.328092805937942,8.841272001325557,294.5877582705935,66.90225774838643,0
24.521008043981993,7.488776258647085,199.4445228020943,5.239341706412959,0
28.273423307252962,7.141553129609683,486.9264062652176,4.838352778271049,0
33.73659478649516,6.489106010794773,272.5551325893474,166.3394087351547,0
29.651441944205004,8.358616956783173,138.34435133746715,54.61416199456248,0
19.298807571815136,8.203331796226774,355.0099934523534,103.61575324776308,0
15.623662701225694,7.153065115572405,136.47450926881297,59.74511471775461,0
20.2452808859965,6.075580241877688,452.217402412375,188.1358490230681,0
26.901558614005097,8.516991983154032,187.98626328318085,51.85935177315475,0
16.028516269685007,6.034253950362221,275.3844128253264,85.93136254778702,0
24.927324944024726,8.111099338887152,26.235978808290202,174.54605009692037,1
26.936856978337786,8.910771329178171,213.63449773816316,168.38671335836173,0
21.684877816339217,7.31298398444461,416.3494062908365,37.220283569255464,0
30.418244074916437,6.704920214987858,403.01875387630764,160.52866195914208,0
17.131965062675437,8.114613030130144,112.9349608679096,91.63737734757854,0
16.502755634716173,8.451384426046754,113.81345643427078,96.59377441707105,0
29.563775124072066,7.639290948233542,408.83535079440514,26.695994483188755,0
24.90982632412397,8.90110582576844,465.2688116644934,16.12030275142493,0
28.768047928554722,6.155006164973884,48.58509971522877,145.58786139475305,0
23.696546772074925,7.514386794913584,225.5792610736864,99.29223047105995,0
19.928040664782138,8.15536184196765,169.38968520315026,87.37014052303591,0
31.382046353483993,8.587921413447537,435.47353927326225,145.90164573047934,0
30.988317579379583,6.53776683572337,42.678932425329364,153.10257979822194,1
28.893929417088536,8.400010445291045,106.35184533646067,31.78163353387071,0
20.44290274459925,7.658121227155636,376.4817004556607,122.04502989552826,0
26.804613337381742,7.18966104596989,26.595630641626578,27.070816455537106,1
22.219477938800537,6.395145085737281,246.77515497643034,150.27501720580915,0
16.831641466532684,8.595887276726737,221.6114103051803,131.3910312534279,0
33.34627150924486,6.471819624539146,167.86618831538559,191.3229242166916,0
17.736372618379228,6.9293635776272975,197.89158534414298,13.791603271284236,0
34.00474707641605,6.870136595887311,265.4403528781862,11.410944230250863,0
23.920115459159113,8.614242102572563,81.52231183580318,56.43741493864003,0
